cust_id_,fname,lname,custSt_,cpstl_cd_2024,customerZcity_,ccountryXcode,cust_email
70376,Joseph,Rose,3620 Burton Spring Apt. 319,68551,Jacksonport,JP,nicholastorres@example.net
22623,Sharon,Hooper,2383 Jackson Flat,36883,West Gabriel,US,wattsjacob@example.org
80784,Julie,Phillips,8156 Jeremy Walks Suite 707,44440,Victoriaborough,IN,uvelazquez@example.net
42370,Susan,Espinoza,66012 Bonnie Valley Apt. 509,61989,Armstrongshire,GB,david98@example.net
71313,Alexander,Mccullough,7998 Fitzgerald Parks Apt. 079,2701,South Feliciachester,CA,hedwards@example.org
87861,Lauren,Trujillo,027 Wood Heights Apt. 238,49502,Amyville,AU,pwatson@example.com
19915,Jared,Butler,5918 Novak Locks Apt. 553,96376,South Rogerfurt,GB,kirkalvarez@example.org
28381,Ashley,Cooper,0600 Marissa Point Suite 971,1676,Nathanborough,GB,thomasevans@example.com
45668,Gregg,Mcdaniel,454 Rachel Street Apt. 104,87486,Watersbury,US,jodi33@example.org
78521,Troy,Holt,28449 Cynthia Radial Suite 873,63483,Michaeltown,JP,matthewsmith@example.net
36367,Jeffrey,Sexton,39692 Shaun Squares,23394,South Whitneyfort,CA,rhodesrobin@example.net
59030,Lance,Hayes,77408 Stephanie Forks,52159,New Saraport,JP,erika46@example.com
75501,Dylan,Phillips,456 Amy Mission,66447,Browntown,FR,ecarlson@example.org
51052,Jeremy,Gomez,72075 Erin Junctions,50964,Jamesfurt,IN,allenwesley@example.com
78972,Meredith,Ferguson,58840 Walker Port,11766,East Daniel,US,kimberly39@example.com
95789,Mrs.,Heidi,10447 Susan Circles Suite 261,30853,Charlesburgh,JP,hardymicheal@example.net
30383,Marie,Wallace,60706 Brown Passage Apt. 496,45496,Thomasport,FR,alimark@example.org
68147,Fernando,Russell,370 Shaw Harbors,73840,Hoganton,IN,yward@example.org
88247,Marvin,Matthews,57175 Holland Vista,91147,Spenceview,CA,wrosales@example.com
98126,Todd,Brown,553 Brett Shoals,32072,Tiffanyburgh,US,salinaskimberly@example.com
86766,April,Lewis,59649 Crystal Pike Apt. 595,56480,North Tiffanystad,DE,ashleedixon@example.org
45766,Erin,Barnes,6910 David Streets,35062,New Justinbury,AU,tcooper@example.org
14275,Brian,Chavez,005 Nelson Glen Suite 623,9503,Lake Lori,JP,xlara@example.org
10692,Peter,Ramsey,3521 Katrina Valley Apt. 114,57525,South Melissa,DE,fwhite@example.net
95512,Kristen,Jones,40268 Cathy Viaduct Apt. 576,98415,Mckinneyland,GB,gregory70@example.org
78829,Robert,Thompson,16568 Grant Ranch,49755,Jonesland,IN,garyroberts@example.net
54164,Angela,Stevens,23702 Charles Plaza Apt. 309,32375,New Timothyburgh,AU,vnguyen@example.com
85627,Zachary,Callahan,542 Green Parkway,53118,Michealhaven,JP,vsanchez@example.com
90901,Heather,Norton,38214 James Radial,95495,South Charlesview,CA,milleramber@example.net
18743,Alvin,Christian,7977 Stephanie Squares,16922,East Scott,GB,wstanley@example.com
89463,Jeffrey,Carpenter,31032 William Common,33097,Bowersmouth,US,millerpaul@example.net
95517,Joel,Stone,444 Brown Highway Apt. 279,34487,South Mercedeshaven,FR,glewis@example.org
15261,Joseph,Jones,3453 Deborah Key Suite 953,2939,Sanfordshire,CA,michele31@example.org
54164,George,Edwards,0548 Timothy Mews,46509,Nicholastown,IN,kjohnson@example.com
87861,Heidi,Cowan,353 John Divide Apt. 670,56939,Lake Kennethborough,FR,michelle12@example.org
27007,Michael,Brown,674 Caitlin Village,75883,West Robert,IN,salazarjulian@example.org
18743,Erika,Swanson,521 Lee Stravenue Apt. 354,93701,Brownfort,JP,uhughes@example.com
71101,Christopher,Blair,9548 Porter Forks Suite 169,45648,Samuelfurt,AU,anne59@example.org
15261,Lindsey,Mendoza,8081 Martin Fort Suite 796,12364,Catherinefurt,GB,smithjesse@example.com
78837,Alex,Elliott,913 Harris Cliff Suite 028,75423,Savagechester,US,kramirez@example.com
65692,Brooke,Martinez,410 Adams Drive Apt. 761,17269,West James,JP,hendersonsarah@example.net
77592,Isaiah,Dennis,87849 Gregory Landing Suite 023,30696,Tinamouth,DE,ufleming@example.net
54164,Dennis,Alvarado,4751 Cruz Wall,79308,New Beth,JP,zbrown@example.org
76362,Heather,Taylor,033 Amanda Wall Suite 137,15030,Port Justinstad,IN,david11@example.net
59593,Kristen,Jones,29392 Alicia Prairie Suite 329,19045,Chrishaven,JP,sallymadden@example.com
90901,Charles,Richard,47962 Larson Summit Apt. 973,9641,North Yolanda,IN,nicole29@example.org
13514,Michelle,Savage,57445 Thompson Square,63271,New Calvin,US,jesse78@example.org
33469,Megan,King,1535 Sanchez Loaf Suite 699,79440,Larsenville,FR,laurastanley@example.net
35960,Glenn,Hood,22931 Stephanie Cliff Apt. 015,95443,South Jessicaport,DE,derekaguilar@example.org
55466,Bryan,Christensen,2013 Williams Curve Suite 714,34417,East Michelle,CA,davidvega@example.com
84769,Kelly,Castillo,61342 Baker Manor,8679,Port Brent,JP,gloria12@example.org
13514,Benjamin,Cobb,4534 Vaughn Divide,24831,Port Philipborough,FR,garyholmes@example.com
97622,Olivia,Alvarez,501 Wagner Groves,21600,South Jennifer,GB,williamsbenjamin@example.net
66851,Jose,Kelly,360 Ray Plaza,18460,New Samanthamouth,IN,roberthouston@example.com
94693,Bryan,Wilson,2411 Jimenez Locks Suite 834,47859,Kristenmouth,JP,eatonjason@example.net
58673,Gina,Maldonado,32088 Scott Via Apt. 718,58932,Carlchester,US,andreaaustin@example.com
93389,Jessica,Harris,444 Wilkerson Ways,42010,Carrollside,CA,hannahgonzalez@example.com
36012,Jennifer,Montgomery,48541 Velez Fort Suite 408,88152,Owensburgh,DE,shannonkane@example.org
21299,Jacqueline,Levine,475 Barron Grove Apt. 599,34171,Lake Sharon,FR,jthomas@example.org
72735,Jesse,Santiago,505 Tabitha Route,86571,Port Brucefort,GB,ecollins@example.com
62114,James,Hogan,61067 David Rest,14567,East Alexistown,DE,haasamber@example.net
58654,Lisa,Griffith,0771 Elizabeth Isle,56527,Phillipsstad,US,susan50@example.com
47869,Matthew,Cross,0846 Timothy Route,24289,Port Allison,FR,imitchell@example.net
85627,Jeffrey,Sharp,03883 Williams Run,44559,Lisachester,FR,mcbridesara@example.com
74706,Marcus,Elliott,15607 Butler Fall Suite 588,11517,Lake Dianastad,GB,shanefletcher@example.org
70521,David,Cook,54902 Tasha Mission Suite 637,97696,Port Janice,IN,brianstewart@example.com
74237,Michael,Roberts,71031 Timothy Lock Suite 252,49004,West Jeffrey,FR,olong@example.net
38732,Allison,Oliver,801 Alexis Courts,97476,Wilkinsonbury,US,justin59@example.net
33619,Marisa,Vasquez,604 Guerrero Islands Suite 795,53493,Millerchester,AU,hbutler@example.net
55735,Lisa,Rice,890 John Bridge,42235,East Jamesmouth,FR,meaganjohnson@example.net
74706,Heidi,Ortega,099 Terrence Lodge Suite 569,57673,Cooktown,US,amandadavis@example.net
13828,Alexander,Barrett,274 Stevens Drive,88619,Petersonchester,CA,nicholasmaxwell@example.net
51245,Kimberly,Mcdonald,184 Green Summit,39624,Alextown,AU,jamesevans@example.net
97622,Richard,Nelson,0400 Nguyen Spurs Apt. 477,88805,South Juliaview,IN,andrearivera@example.org
71017,Bradley,Combs,66707 Tara Curve,80043,Pittmanfort,CA,westjohn@example.org
93389,Michelle,Ellis,3526 Harper Pines Suite 322,34825,Thomasbury,IN,villanuevadennis@example.com
16424,Caitlin,Gonzalez,283 Alexander Stream,26443,South Sonyaland,AU,dodsonbrian@example.org
49558,Tina,Mooney,34554 Kennedy Spring Apt. 668,44474,Jennifershire,US,patelandrew@example.com
38078,Brittney,Wilson,28869 Hannah Prairie,14359,Mannshire,FR,cynthiawhite@example.org
85627,Deborah,Nguyen,116 Reeves Squares Apt. 810,30777,Lake Kelseymouth,US,danielfuller@example.net
84755,Tyler,Johnson,03688 Stephens Spring,15354,Jilliantown,GB,zweber@example.net
94693,Eric,Cross,34664 Cody Lodge Apt. 167,93009,Lake Tanya,GB,ronnie59@example.net
99387,Noah,Carpenter,343 Morales Spring Suite 209,77920,Combsborough,CA,annbrown@example.com
46954,Joseph,Miller,6591 Martinez Locks,58625,East Jason,DE,rebeccamclaughlin@example.org
68390,Joan,Gibson,0909 Thomas Union Apt. 842,56345,Davishaven,GB,josephcynthia@example.net
83639,Donald,Pena,15692 Jonathan Mission Suite 598,70426,West Keithport,IN,rileymary@example.org
42370,Justin,Clark,751 Mann Row Apt. 580,25096,Julieville,GB,hrosario@example.org
89463,Michelle,Garza,5736 Berger Island,11063,Lake Andrewton,JP,tammygarcia@example.net
83110,Mark,Moore,31091 Flores Lock,45145,Nguyenmouth,JP,rebekah66@example.org
21299,Jeffery,Friedman,9185 Tiffany Meadows Suite 657,73283,Chambersport,DE,ryancampbell@example.org
61583,Mark,Wall,811 Paul Creek Apt. 444,18732,Port Eileenchester,FR,kelly79@example.net
20881,James,Wood,0022 Rodriguez Circles,37248,West Abigailbury,AU,obennett@example.net
26724,James,Wood,0022 Rodriguez Circles,37248,West Abigailbury,AU,obennett@example.net
84769,Donna,Bradford,1994 Dickerson Plains,9100,New Paige,AU,walkerjohn@example.com
69681,Andrew,Evans,1945 Mary Circle,76407,Port Kentbury,CA,xlee@example.org
35960,Andrea,Boyd,230 Michael Summit,22790,Markside,JP,debra67@example.com
45766,Sandy,Martin,410 Anthony Mill,61895,South Donnaview,FR,brianjohnson@example.org
37915,Kyle,Vaughan,16375 Matthew Harbor,81768,New Dawn,CA,tylermary@example.org
12367,Jennifer,Turner,512 Lowe Park Suite 031,88266,Mariamouth,CA,terribrown@example.com
13474,Rachel,Khan,434 Wood Port Suite 557,68871,Graybury,JP,ryan52@example.net
69872,Oscar,Walters,5092 Bailey Ports Suite 237,57101,East Elizabethfort,GB,ohansen@example.com
17957,Kathy,Adams,53544 Martinez Lake Suite 883,3775,New Vincent,DE,walkerjennifer@example.net
26070,Garrett,Camacho,35872 James Wall Suite 071,81100,Lake Brandon,DE,phillipsanthony@example.com
27340,Melinda,Jones,91144 Tammy Crest,60832,Port Katherineburgh,IN,mary72@example.org
51995,Stephen,Hill,0281 Jennifer Lake Suite 017,32644,Edwardshaven,DE,jamesmeyer@example.org
43555,Stephen,Hill,0281 Jennifer Lake Suite 017,32644,Edwardshaven,DE,jamesmeyer@example.org
67629,Patricia,Williams,969 Nicholas Junctions,7426,Hesschester,AU,donaldsonnatalie@example.net
74238,Jimmy,White,28428 Richard Crossroad,64966,Robertsonland,CA,ywashington@example.org
45668,Michael,Montgomery,39719 Allison Cove,86767,New Jonathan,JP,yjohnson@example.com
62114,Steven,Peters,560 English Grove,11606,Milesfort,IN,tramirez@example.net
89833,Travis,Waters,664 Pena Roads,49837,Gregorytown,CA,austin10@example.org
40482,Elizabeth,Riley,24131 Jennifer Brook Suite 593,42982,Port Allenport,GB,reneebarrett@example.net
39940,John,Murphy,3462 Nicole Mills Suite 901,79323,Tracyburgh,DE,mmartinez@example.org
42370,Karen,Aguilar,29061 Taylor Cliff,88242,Carriemouth,CA,scottcooper@example.org
46881,Christine,Stuart,6767 Nicole Greens,86287,East Jacobburgh,CA,jmathis@example.org
43566,Brenda,Woodward,24997 Rose Way Suite 162,62355,Williamland,CA,karakemp@example.org
81979,Paul,Payne,82964 Brian Corner,20931,Vickiestad,US,awashington@example.com
13250,Erika,Spears,404 Jeffrey Rest Apt. 625,75691,North James,US,mikayla65@example.org
72368,Lauren,Ryan,8503 Page Mountain Apt. 785,48693,Davidstad,AU,briggshannah@example.net
19243,Sophia,Chandler,0947 Jones Plaza,37568,Lake David,US,michaelmurray@example.net
55466,Nichole,Lee,15194 Susan Cliffs Apt. 718,21911,Lake Derekview,GB,heidi56@example.org
56494,Monica,Lane,7190 Allen Islands Apt. 556,52976,Andrewland,CA,martin45@example.com
30047,Samuel,Mitchell,86767 Lisa Mission,35912,East Scottchester,CA,mflynn@example.com
64104,Michael,Bowen,913 Smith Tunnel,50676,North Rhondafurt,FR,glewis@example.net
37915,Brian,Newman,6564 Brian Fords,31152,Meganmouth,GB,floreskyle@example.org
88691,Daniel,Smith,1587 Troy Forge Suite 630,17272,Evansside,DE,lauriekennedy@example.com
89463,William,Moss,776 Luis Streets Suite 374,67150,Garnermouth,GB,ipadilla@example.net
26078,Terry,Liu,9652 Perez Center Suite 444,63964,East William,DE,jacobfrederick@example.com
38732,Cameron,Martinez,66759 Adams Divide Apt. 266,79607,Johnville,DE,susan07@example.org
85627,Sarah,Frost,0472 Christine Dam Apt. 223,60322,South Karenchester,FR,jake71@example.com
32632,Melinda,Simpson,103 Nicole Ranch,19912,Brownfort,AU,hughesjason@example.net
32951,Jonathan,Miller,5947 Andrew Drive Apt. 571,47957,Sarahshire,FR,debramiller@example.net
67629,Travis,Clark,061 Davis Branch,85625,Jonathanview,FR,shawjohn@example.org
69934,Laurie,Beasley,908 Sandra Spring Suite 234,42371,Lake Lisaville,US,alexandraponce@example.org
20706,Stephanie,Foster,06993 Theresa Freeway,75324,Rossstad,GB,grahamkeith@example.org
26724,Olivia,Garcia,87283 Ramos Locks,37227,Erictown,AU,richardmccarthy@example.com
27614,Pam,Carney,571 Guerrero Streets,1267,Ingramstad,CA,sanchezstephanie@example.org
88691,Justin,Riley,5855 Rivera Port,40442,Jimfort,CA,mosleyrachel@example.net
32793,Lisa,Potter,455 Hancock Tunnel Suite 281,3181,Robinhaven,DE,xgoodwin@example.com
45624,Katrina,Jackson,780 Thompson Park Suite 053,36934,East Courtneyton,CA,asmith@example.org
65692,Sarah,Collins,73284 Howe Points,34665,North Shannonland,CA,rbest@example.net
80054,Peter,Moon,51282 Kelly Plains Suite 103,30968,Rogerview,US,jeromefrey@example.net
71101,Kaylee,Davis,965 Donald Parkway Apt. 249,17200,North Michael,US,ogarcia@example.net
50466,Thomas,Patton,95502 Henry Mill Suite 942,63448,Lake Barbara,CA,christopher64@example.org
48881,Andrea,Harrison,29245 Baker Lake,76323,Grimesmouth,CA,sandramason@example.net
27614,Michelle,Carroll,4259 Mcmillan Burgs,90075,Wolfebury,US,nwallace@example.org
81645,Joseph,Thomas,69332 Wright Light,76462,North Douglas,IN,kschmidt@example.org
58728,Anthony,Wilkerson,9315 Christopher Knolls,81908,New Barbaraborough,GB,rtaylor@example.org
16138,Zachary,Hudson,6572 Smith Circles Suite 178,76548,Angelaview,CA,stevenyoung@example.com
69934,Lisa,Hall,1598 English Valleys,83622,Pierceton,IN,chanisabella@example.org
63453,Samuel,Brown,56870 Eduardo Mews,68263,Lindsayville,FR,omalone@example.com
88247,Susan,Jones,83420 Kristine Point Suite 101,50425,Christopherchester,DE,parksmary@example.com
55466,Matthew,Obrien,247 Tara Landing Suite 336,39920,Lake Susan,GB,melissajackson@example.org
55466,Darrell,Rubio,37392 Donald Circles Suite 971,72234,Newtonview,AU,pschmidt@example.org
85627,Kelly,Stephens,392 Stevenson Keys,61747,Port Yolanda,US,wjohnston@example.com
14968,Jacob,Johnson,37974 Porter Ferry,29893,East Carolynberg,FR,michelle80@example.com
32632,Nicole,Diaz,68906 Atkins Points Suite 216,4735,Buchananchester,IN,paulperez@example.net
51245,Victoria,Lamb,41029 Medina Burgs,56408,Martinezborough,IN,stevenmorgan@example.net
96844,Danny,Summers,963 Rebecca Spur Suite 458,48142,Stevenfurt,GB,agriffith@example.org
12367,Melissa,Reed,3860 Reese Bypass Apt. 651,24653,West Robertborough,FR,thomasgallegos@example.net
16205,Margaret,Wilson,0582 Parrish Brooks,2567,Derrickhaven,GB,jacob83@example.net
13250,Wesley,Thomas,4553 Thomas Dam Apt. 256,81240,East Dillonmouth,US,matthew22@example.org
24055,Linda,Hubbard,77410 Adams Loop,27177,East Jessica,DE,hannah58@example.net
78521,Ashlee,Johnson,2908 Hinton Spring,68458,North Tonymouth,GB,lmorgan@example.org
58728,Joshua,Small,355 James Tunnel,95974,New Sueshire,CA,vherrera@example.com
29692,Frank,Owens,8684 Watson Estate Apt. 009,41020,Carlsonbury,US,millerchristina@example.com
73458,Zachary,Wright,806 Patel Ramp Apt. 354,59792,Karenborough,JP,michael57@example.org
91551,Sheena,Smith,19499 Johnson Isle Suite 982,27269,Grayfurt,JP,tonya20@example.com
78494,Adrian,Young,05052 Donna Underpass,97147,Coleville,CA,nicholasclark@example.org
19180,Donald,Alexander,8247 Beasley Run Suite 523,43379,Lake Sheritown,JP,frazieranna@example.org
41422,Jessica,Atkinson,983 White Underpass,11932,West Richard,AU,msilva@example.org
52811,Frederick,Johnson,7122 Karen Flat Apt. 563,60381,Josestad,IN,stevensonanthony@example.com
55735,Sandra,Patterson,83547 Bowman Extension Apt. 536,99203,North David,CA,janetrowe@example.net
70376,Donald,Paul,7880 Oliver Turnpike Apt. 732,58256,New Charlesside,US,johnsondenise@example.org
18743,Gary,Diaz,06355 Michelle Forest,76886,Richardsbury,FR,tina66@example.net
60024,Janet,Cook,3232 Kelly Ramp,98126,North Noah,CA,davidrodriguez@example.org
20727,Stephen,Taylor,794 Moore Views Suite 021,61931,North Feliciaport,GB,chenivan@example.org
17374,Anthony,Huffman,8139 George Meadow Suite 758,62416,Travisfort,GB,lynnbrooke@example.com
15910,Melissa,Crawford,41512 Banks Forge Suite 959,10279,New Jonathanton,US,pamela92@example.com
27340,Gary,Olson,0142 Robert Overpass,67366,Hancockborough,GB,xgraham@example.net
44723,Michael,Johnson,97614 Thompson Manors Suite 286,18628,West Katherine,US,jose32@example.com
12593,Nicholas,Butler,76426 James Club Apt. 239,57990,North Jacqueline,DE,anthony24@example.org
21620,Kathryn,Garrett,89672 Smith Mission,24485,Laurastad,AU,qhamilton@example.com
43902,Brad,Schmidt,3059 Vang Ville,60344,Chloeville,JP,markfowler@example.com
52811,Karen,Jacobson,3434 Lori Common Apt. 060,35740,North Makayla,IN,ericwhite@example.com
71017,Jeff,Jenkins,67869 Austin Forges,61608,New Danielle,US,erica73@example.com
20872,Alyssa,Peterson,893 Morse Estates,82954,West Charlotte,GB,melissarodriguez@example.org
55735,Dustin,Fuller,49975 Mcdaniel Union,38850,North Daniel,JP,nicholasbest@example.net
50466,Brooke,Wagner,9415 Jacob Trafficway Apt. 831,47297,South Michaelfurt,DE,margaretgalvan@example.net
72676,Peggy,Jordan,76313 Diamond Road,66186,Lake Peterport,DE,collinsdenise@example.org
62605,Christopher,Johnson,26401 Richard Coves Suite 365,99152,Jacksonstad,AU,mitchelllisa@example.net
11636,Stephen,House,52705 Clarke Road Suite 374,46629,Geoffreyfort,IN,yjones@example.org
55514,Natalie,Humphrey,5039 Monica Road,49905,Johnsonview,FR,moransteven@example.com
72079,Gregory,West,611 Holly Ways Suite 786,62367,Jonathanview,FR,mmitchell@example.org
63453,Matthew,Edwards,8371 Walker Forges Apt. 955,86348,Brewermouth,JP,renee90@example.net
27007,Kimberly,Meyer,03987 Morgan Prairie Suite 981,50806,Port Mark,CA,whitakerderek@example.com
12153,Tracy,Long,14057 Lisa Hollow Suite 605,16363,North Melissa,US,greendesiree@example.net
40545,Thomas,Berg,7360 Donaldson Branch,64456,Lake Taraberg,DE,dustin90@example.net
41910,Jennifer,Williams,15852 Lopez Pass,24776,Kennethport,US,victoriakoch@example.net
71101,Tyrone,Delgado,8348 Turner Run Apt. 280,94765,South Matthewton,IN,kpeck@example.org
55514,Anne,Stephenson,44088 Torres Creek,71197,Scottland,JP,william59@example.com
43566,Eric,Weber,1465 Joshua Point Suite 103,1094,Mcgrathside,DE,qjohnson@example.org
92123,Francisco,Ortiz,54712 Meyers Forges Apt. 438,45948,Johnsonberg,GB,graycaleb@example.net
93692,Michael,Washington,034 Joseph Turnpike Suite 916,59160,Frankside,GB,paulcline@example.com
15910,Michael,Jones,0561 Diamond Heights Apt. 515,96079,Manningchester,CA,brownmicheal@example.com
78521,Christopher,Koch,54894 Hughes Walks,41787,Powellborough,IN,johnbennett@example.com
84755,David,Lopez,51819 James Roads Suite 950,85404,South Jerry,FR,gglass@example.net
46945,Scott,Harris,812 James Terrace,61515,Quinnhaven,CA,xhuff@example.net
17957,Andrea,Burch,8606 Kelly Mews Apt. 676,99518,East Shelby,FR,pschneider@example.net
37915,Tina,Liu,16753 Lisa Passage,88943,West Nathanport,AU,odonnellsharon@example.com
89181,Jordan,Henry,494 Vincent Ramp Apt. 586,67067,Lake Devinchester,CA,anthonymccoy@example.net
65686,Andrew,Harris,545 Baker Plaza,52795,Robertland,CA,raymond26@example.net
50466,Samantha,Garner,6436 Velasquez Way,89834,Lopezstad,US,branchjonathan@example.net
48881,Renee,Buckley,789 Jones Shoals,63731,West Josetown,JP,paige47@example.net
45766,Darren,Cherry,100 Lindsay Wells Apt. 221,72792,Port Rhonda,CA,cjohnson@example.org
52801,Erin,Smith,86550 Thomas Prairie Suite 151,66986,West Latasha,GB,vrose@example.net
35960,Cheryl,Arnold,695 Tracy Estate Apt. 282,8274,Port Prestonhaven,US,gwatkins@example.org
20706,James,Macdonald,671 Tony Rue Suite 887,5142,North Andrew,AU,mccoymichael@example.net
91551,Alexander,Mitchell,272 Payne Spring,44175,East Elizabethfurt,GB,rogersjill@example.com
54073,Kendra,Howard,8452 Johnson Roads Suite 426,11464,Dawnbury,US,stewartmonica@example.org
15045,Andrew,Hodge,03665 Peterson Way,80502,North James,FR,nbrooks@example.com
79917,Sarah,Morrow,01555 Evans Way,79188,Hawkinstown,GB,lauriemartinez@example.net
58869,Sarah,Morrow,01555 Evans Way,79188,Hawkinstown,GB,lauriemartinez@example.net
62684,Benjamin,Clark,42002 Miller Viaduct Apt. 539,40523,East Ashleytown,DE,laurenlloyd@example.net
79060,Doris,Roman,369 Shelley Extension Apt. 172,61184,Leahside,DE,crystal72@example.com
78103,Robert,Nelson,09912 Wells Fork,58091,Donaldmouth,DE,eriksmith@example.com
58920,Andre,Harris,96973 Michael Plaza,33857,Sarahside,JP,toddheather@example.com
36367,Stephen,Dalton,99829 John Loop,81493,North Robertland,US,hensondwayne@example.org
83110,Jasmine,Guerrero,3872 Joshua Place Apt. 899,28769,Debraview,DE,mcdonaldlaura@example.com
48822,Gabriel,Harper,2227 Rhonda Rest Suite 456,87388,Ariasview,CA,michaelrollins@example.net
35628,John,Serrano,33381 Cheryl Dale Suite 165,36195,Port Denise,FR,gthompson@example.org
68506,Robert,Harper,10001 Navarro Lane,87016,Larastad,AU,ronald33@example.com
20706,Shannon,Huerta,83616 Theodore Rue,59413,West Laura,DE,kyle21@example.net
48881,Nancy,Montgomery,11296 Laura Causeway Suite 934,53207,Toddland,CA,walkerjeanette@example.com
42370,Joann,Nelson,6167 Michael Motorway,26664,West Michellefort,CA,tbarker@example.com
35628,Steven,Thompson,233 Taylor Island Apt. 656,32788,Lake Kristin,GB,liukathleen@example.com
60417,Steven,Suarez,42087 Jacqueline Vista,75848,East Kevin,FR,aanthony@example.net
56494,John,Brown,258 Patton Crest Apt. 063,95571,East Stephanie,AU,michael48@example.net
51245,Anthony,Osborne,32903 Mackenzie Pines,75199,Michaelview,AU,latoya62@example.com
27340,Brett,Jones,348 Roger Drives Apt. 433,55228,Ellisonton,CA,qhall@example.org
36900,Amber,Smith,043 Price Islands Suite 850,77493,Port Eric,US,bjames@example.com
40482,Shane,Rivera,91570 Christopher Wells Apt. 632,40155,Allenbury,JP,gthompson@example.com
24055,Aaron,Hartman,33565 Stephanie Fields,70419,Hamiltonville,JP,hilllarry@example.org
74419,Daniel,Perkins,409 Weaver Road Apt. 853,4699,Port Donna,DE,sandramoore@example.net
40303,Stephen,Gibson,1749 Martin Springs Suite 372,68659,East Alyssaview,GB,xcarson@example.net
60541,Tara,Davis,46973 Wood Underpass,45935,South Nicholasberg,AU,omccullough@example.com
65969,Christine,Orr,88418 Ayers Green,96782,Marieshire,US,shawcassie@example.net
21016,Brad,Hart,31484 Michael Corners Suite 665,80003,Allenview,JP,erica31@example.com
16205,Amy,Brown,77075 Matthew Mountain,74920,West Gregorychester,GB,bateskaren@example.com
69872,Brooke,Moore,916 Laurie Port Apt. 335,64337,Westland,US,anthony96@example.net
85627,Daniel,Clark,7275 Aaron Ports Apt. 701,72337,Greggberg,JP,delgadoshane@example.net
28507,Nicole,Hernandez,7568 Beck Trail,64411,South Amandaton,GB,mark59@example.org
50466,Patricia,Perez,486 Christian Inlet,37579,North Michelle,IN,ecollins@example.net
78249,William,Stevens,0612 Bautista Park,23076,Beckerfurt,DE,erica38@example.org
32951,Kimberly,Barajas,727 Erik Roads,31735,Paulfurt,AU,mrodriguez@example.net
17370,Kimberly,Herrera,949 John Divide Suite 754,48898,Samanthafort,US,jasminewilson@example.org
71101,Christine,Butler,310 Harris Ferry,1320,Port Thomasfurt,CA,nathan70@example.com
36347,Adam,Anderson,762 Alexis Plain Suite 794,36440,Frazierhaven,US,tpope@example.org
72368,Virginia,Brown,8118 Deborah Parkways Apt. 519,30250,North Andrea,DE,brownpatricia@example.com
50466,Virginia,Brown,8118 Deborah Parkways Apt. 519,30250,North Andrea,DE,brownpatricia@example.com
78188,Courtney,Fisher,94484 Franklin Village,44805,East Stephaniemouth,GB,charles42@example.org
14275,John,Ferrell,048 Harris Plains Suite 300,58046,Michealfort,FR,feliciahartman@example.net
89257,Lisa,Odonnell,5234 Matthew Extension Apt. 476,93926,Kimberlyport,FR,chris39@example.org
90901,Antonio,Thompson,07519 Richard Passage,94825,Port Juliaburgh,CA,dawsonfelicia@example.org
85627,Daniel,Benson,76503 Moore Terrace,33809,Port Alice,FR,omurphy@example.com
47869,Matthew,Everett,79889 Saunders Crossroad Suite 748,61478,Ellisside,JP,tinaroberts@example.org
38732,Chad,Beck,77620 Lozano Glen,94372,Port Karen,CA,daniel47@example.org
32951,Laura,James,8922 Sherman Park,7826,West Jodyfurt,JP,larry44@example.net
67629,Christopher,Holt,808 Audrey Extension,13029,North Michael,IN,sstanley@example.com
13474,Elizabeth,Dyer,78416 Walls Vista Apt. 591,91049,Kathrynbury,FR,stevesanders@example.org
36777,Frank,Lewis,11713 Gilbert Field Apt. 024,47431,Laurachester,US,meyerjessica@example.com
58869,Carl,Johnson,253 Lynch Mission Apt. 236,53664,East Virginiastad,IN,hjohnson@example.com
45668,Anna,Bean,262 Robert Vista,4612,Lake Laurashire,AU,justin91@example.org
69716,Jennifer,Rodriguez,8428 James Ferry,98159,North Beth,DE,powersamanda@example.org
65692,Vincent,Sexton,90325 James Vista,84784,Port Charlesville,AU,todd70@example.net
68147,Ryan,Ramos,101 Mary Street,41365,Hernandezmouth,DE,millscarl@example.net
16205,John,Spence,320 Villanueva Manors Suite 564,94335,Merrittville,JP,hendersonpeter@example.org
78188,Kevin,Burgess,17544 Pratt Meadows Suite 247,89866,Merrittport,DE,sbishop@example.org
80864,Kathy,Young,373 Ward Islands,47628,Nguyenbury,US,weberalejandro@example.com
41910,Tara,Gonzalez,043 Johnson Radial Apt. 233,90662,Port James,FR,nfoster@example.net
