id,name,address,country
402,Collins Myers,3710 Mary Crescent,Germany
94,Lang Inc,250 Dennis Radial,Australia
472,Day Hoffman,84237 Ferguson Rapid,Germany
183,Brown Group,6901 Saunders Drives Suite 162,Japan
754,Brown Group,6901 Saunders Drives Suite 162,Japan
178,Johnson Hayes,966 Patricia Isle Apt. 068,The United States of America
600,Miller Garcia,8420 Sellers Meadows Apt. 427,France
106,Davis  Davidson and Hess,794 Moore Views Suite 021,United Kingdom
171,Carter Martin,66012 Bonnie Valley Apt. 509,United Kingdom
652,Watts  Schmidt and Wall,467 Samantha Falls Apt. 087,Australia
478,Smith  Cook and Powell,69000 Kelly Motorway Apt. 146,Germany
163,Carroll Ltd,31480 Jessica Motorway,France
153,Baker and Sons,8208 Jessica Row,France
606,Wright Ltd,005 Nelson Glen Suite 623,Japan
884,Hill and Sons,029 Shelly Village,United Kingdom
262,Gonzales Rodgers,634 Christine River,Australia
876,Brown Little,763 Anthony Island,Canada
8,Richardson  Benjamin and Fox,65034 Jennings Island Apt. 673,The United States of America
597,White Ltd,31032 William Common,The United States of America
663,Davis Ltd,586 Alex Junction Apt. 795,India
741,Davis Ltd,586 Alex Junction Apt. 795,India
758,Davis Ltd,586 Alex Junction Apt. 795,India
201,Stephens Ramos,182 Stephanie Plaza Suite 749,Germany
437,Pittman  Turner and Holmes,2374 Orozco Village Suite 196,India
37,Harvey Thomas,78632 Murphy Ports,Australia
403,Powell Ritter,1168 Desiree Heights Apt. 393,The United States of America
687,Moreno  Kim and Rodriguez,007 Hamilton Turnpike,France
206,Newton  Wall and Duncan,241 Wyatt Knolls,Japan
616,Foster  Jackson and Savage,063 Rogers Union Apt. 923,Australia
803,Vincent  Scott and Watson,33381 Cheryl Dale Suite 165,France
816,Calhoun Group,434 Wood Port Suite 557,Japan
114,Hawkins LLC,4073 Steven Way,Japan
378,Poole  Lee and Mora,16556 Maxwell Extension Apt. 761,France
735,Lowe  Daniels and Skinner,03841 Griffin Meadows,Germany
835,Perez Richardson,6081 Janet Creek Suite 711,Canada
876,Nguyen  Fitzgerald and Jones,16421 Davis Light Apt. 994,Japan
724,Davis  Weaver and Macdonald,447 Hawkins Tunnel,Canada
741,Maldonado Knight,54902 Tasha Mission Suite 637,India
967,Lang Blevins,705 Hernandez Bridge Suite 423,France
102,Hendrix and Sons,840 Torres Divide Apt. 454,Australia
649,Smith  Gibson and Williams,043 Price Islands Suite 850,The United States of America
68,Reyes Morton,6258 Jill Cliffs Suite 386,Germany
818,Richardson  Gomez and Reid,54712 Meyers Forges Apt. 438,United Kingdom
386,Ross  Ortega and Marsh,73728 Kennedy Loaf,The United States of America
568,Kirk  Lopez and Watson,90325 James Vista,Australia
969,Moore Kemp,7224 Brown Pine,Germany
644,Galvan  Booker and Meyer,87518 Reed Divide,India
251,Norton Roberts,456 Amy Mission,France
605,Solis  Smith and Burton,280 Julie Island,The United States of America
125,Martin Alvarado,318 Katie Dam,France
932,Bishop  Colon and Yates,782 Morales Bypass Suite 424,France
918,Mitchell Hill,668 Jill Lock Suite 270,United Kingdom
459,Heath Inc,877 Kelsey Mills,France
418,Crawford  Anderson and Becker,501 Wagner Groves,United Kingdom
370,Ball Peterson,0104 Jimenez Views Suite 693,Canada
415,Brown  Harmon and Wilson,6564 Brian Fords,United Kingdom
650,Taylor  Jones and Richardson,87855 Wilson Freeway Apt. 029,Japan
519,Williams and Sons,01555 Evans Way,United Kingdom
679,Williams and Sons,01555 Evans Way,United Kingdom
792,Williams and Sons,01555 Evans Way,United Kingdom
546,Campbell LLC,369 Shelley Extension Apt. 172,Germany
772,Ellis  Solomon and Hubbard,4375 Robin Unions Apt. 660,Canada
506,Mcintyre Shah,58840 Walker Port,The United States of America
779,Lam Sharp,09140 Lee Extension,Germany
967,Frost Wiggins,6767 Nicole Greens,Canada
716,Clayton Stewart,67869 Austin Forges,The United States of America
337,Davis Nixon,2213 Alicia Stream Apt. 005,Australia
682,Diaz PLC,167 Tonya Stravenue Suite 649,France
396,Erickson Inc,38605 Daniel Ramp Apt. 914,United Kingdom
106,Smith LLC,789 Jones Shoals,Japan
235,Crawford Olsen,6095 Luke Manor Apt. 026,Australia
94,Velasquez and Sons,342 Angela Dam,France
100,Carpenter  Rodriguez and Griffin,96973 Michael Plaza,Japan
971,Lynn  Brown and Ward,5616 Ruth Ville Suite 265,United Kingdom
366,Allen PLC,0281 Jennifer Lake Suite 017,Germany
171,Allen PLC,0281 Jennifer Lake Suite 017,Germany
47,Cabrera Fox,15865 Walters Row,Australia
128,Mayer  Frank and Stewart,41512 Banks Forge Suite 959,The United States of America
546,Benjamin and Sons,5918 Novak Locks Apt. 553,United Kingdom
161,Thomas Bennett,32792 Walker Lodge Apt. 868,Australia
469,Wilkerson LLC,444 Brown Highway Apt. 279,France
657,Dunlap Peterson,237 Patel Plaza,Germany
183,Salinas and Sons,10242 Margaret Causeway Apt. 152,France
501,Buckley LLC,969 Nicholas Junctions,Australia
906,Macdonald Inc,5052 Mitchell Rapids Suite 883,India
628,Pennington Hernandez,9315 Christopher Knolls,United Kingdom
213,Anderson  Conner and Smith,45623 Turner Ferry,Australia
365,Obrien  Gilbert and Anderson,6295 Thomas Canyon,The United States of America
403,Bowers  Thomas and Rodriguez,746 Jennifer Underpass Suite 741,The United States of America
886,Green  Le and Garcia,8011 Juan Lights Suite 488,Canada
672,Richardson Inc,17378 Bailey Isle Suite 377,Canada
604,Manning Ltd,881 Raymond Turnpike,India
781,Montoya  Herring and Gaines,456 Maria Canyon,Australia
181,Young Inc,3860 Reese Bypass Apt. 651,France
884,Bush Allen,6123 Angela Valley,Germany
658,Rodriguez Garrison,1556 Laura Village,Australia
364,Walker and Sons,545 Baker Plaza,Canada
360,Alvarez Carpenter,4481 Ashley Rue,The United States of America
6,Roberts  Elliott and Phillips,3526 Harper Pines Suite 322,India
368,Garcia PLC,071 Dylan View Suite 564,France
632,Rose Group,629 Payne Club Apt. 620,The United States of America
24,Copeland  Scott and Watson,3384 Gilbert Station,United Kingdom
616,Espinoza PLC,50848 Martin Court,The United States of America
960,Villarreal Frazier,465 Patty Square,United Kingdom
86,Flores  Moore and Weiss,2129 Olson Radial Suite 735,United Kingdom
547,Herman Inc,0166 Daniel Overpass Suite 649,France
230,Taylor Group,2388 Arnold Locks Apt. 663,Japan
650,Woods Porter,813 Mann Mission Apt. 714,The United States of America
120,Holloway Inc,83420 Kristine Point Suite 101,Germany
570,Cameron LLC,801 Alexis Courts,The United States of America
515,Russell  Thomas and Kline,972 Bryant Fords Suite 766,Australia
481,Edwards PLC,963 Rebecca Spur Suite 458,United Kingdom
594,Edwards PLC,963 Rebecca Spur Suite 458,United Kingdom
191,Cohen  Phelps and Patterson,90548 Khan Walk,Australia
5,Gray Dixon,4175 Beth Terrace,India
416,Turner  Hammond and Griffith,854 Marquez Mountains,France
169,Martin Cruz,73667 Melissa Inlet Apt. 673,Canada
16,Cruz Williams,8585 Fowler Hollow,United Kingdom
612,Holmes  Mayer and Klein,694 Whitney Curve Suite 650,The United States of America
715,Sanford and Sons,357 Jackson Prairie Apt. 162,Germany
908,Olson  Stewart and Wood,35872 James Wall Suite 071,Germany
702,Barry  Walton and Wall,77620 Lozano Glen,Canada
135,Fox  Wise and Diaz,7039 Nicholas Alley Suite 921,Germany
533,Morrison  Garcia and Peterson,494 Williams Forge Apt. 056,Japan
157,Fletcher and Sons,6075 Gutierrez Trafficway,The United States of America
815,Fletcher and Sons,6075 Gutierrez Trafficway,The United States of America
903,Cole  Mitchell and Palmer,7360 Donaldson Branch,Germany
4,Combs  Harris and Garcia,6557 Anna Crossing Apt. 546,The United States of America
501,Jacobson  Dunn and Boyd,11713 Gilbert Field Apt. 024,The United States of America
45,Brown  Perez and Andrade,78416 Walls Vista Apt. 591,France
916,Shannon Inc,3952 Flores Fields Apt. 491,Japan
860,Moore Nolan,0582 Parrish Brooks,United Kingdom
967,Hayes Miles,405 Griffin Circles,United Kingdom
522,Phillips  Meyer and Fox,32903 Mackenzie Pines,Australia
557,Cannon Ward,3171 Michael Land,United Kingdom
113,Rhodes Ltd,657 Baldwin Islands,United Kingdom
959,Sullivan and Sons,3564 Scott Neck,United Kingdom
162,Green  Lewis and Thomas,951 Franklin Junctions Apt. 901,The United States of America
930,Jimenez Inc,370 Shaw Harbors,India
224,Smith  Evans and Gilbert,56870 Eduardo Mews,France
530,Lloyd LLC,31091 Flores Lock,Japan
306,Lloyd LLC,31091 Flores Lock,Japan
480,Clark LLC,05767 Jessica Gateway Suite 815,Canada
900,Medina Mcguire,52705 Clarke Road Suite 374,India
754,Reed Obrien,8156 Jeremy Walks Suite 707,India
392,Kelley Rodriguez,262 Robert Vista,Australia
70,Johnson Hawkins,37974 Porter Ferry,France
162,Cole Group,292 Short Overpass Apt. 293,Japan
130,Gay Group,233 Nguyen Glen,The United States of America
312,Griffin  Glenn and Johnson,86767 Lisa Mission,Canada
630,Dalton LLC,43635 Brianna Pine Suite 217,Canada
224,Waters  Rosales and Boyer,0164 Mosley Street,The United States of America
445,Escobar  Dalton and Preston,027 Wood Heights Apt. 238,Australia
387,Terry Pace,09426 Young Fork,Germany
512,Barrett Patterson,593 Phelps Loaf,India
5,Hayes LLC,59952 Vance Mews,Japan
636,Hopkins Blackburn,580 Berry Crossing Apt. 903,Germany
891,Goodwin Sanders,59694 Weaver Curve,The United States of America
58,Mitchell  Wilson and Armstrong,37392 Donald Circles Suite 971,Australia
115,Cruz LLC,434 Scott Grove,United Kingdom
321,Blanchard Washington,59707 Timothy Mission Suite 862,Japan
417,Jordan Cole,98320 Lisa Crossing,Germany
831,Barajas  Davis and Maynard,380 Browning Shoal,Canada
564,Lee and Sons,98998 Perez Forest,Canada
855,Henry  Taylor and Quinn,4751 Cruz Wall,Japan
729,Ortega Hudson,72139 Vasquez Cliff Apt. 051,United Kingdom
839,Bowman LLC,4255 Chang Harbors,Germany
575,Hawkins  Swanson and Stewart,51518 Tucker Locks Apt. 332,The United States of America
320,Gregory Brock,332 Valerie Greens Apt. 753,India
913,Castillo  Castro and Adams,77824 Charlene Isle,The United States of America
815,Martinez LLC,5947 Andrew Drive Apt. 571,France
244,Martinez LLC,5947 Andrew Drive Apt. 571,France
409,May  Jones and Hughes,505 Tabitha Route,United Kingdom
858,Davis LLC,53411 Sarah Square Apt. 236,Australia
768,Fisher  Turner and Poole,4987 Jessica Plains Apt. 805,Australia
517,Campbell Inc,2194 Warner Estate Apt. 548,France
565,Williams Group,5811 Arnold Lane,United Kingdom
572,Lopez Russell,89021 Gonzales Mountains Suite 099,United Kingdom
954,Miller Group,4852 Mary Mission,Australia
496,Cain Dudley,520 Vicki Squares,France
284,Wong Inc,199 Tina Throughway,Canada
390,Hughes Kent,664 Pena Roads,Canada
135,Miller Harper,6477 Davis Underpass,Australia
171,Wagner Hawkins,410 Adams Drive Apt. 761,Japan
849,Watkins Mcgee,3521 Katrina Valley Apt. 114,Germany
483,Alvarez  Hancock and Coleman,08308 Duffy Crossing,Canada
849,Cisneros  Brown and Franklin,320 Villanueva Manors Suite 564,Japan
917,Raymond Dawson,9081 Joanne Vista Suite 018,The United States of America
686,Becker Wise,7131 Kimberly Roads Suite 487,United Kingdom
893,Bradford Hester,16568 Grant Ranch,India
663,King Sims,604 Guerrero Islands Suite 795,Australia
654,Cruz Ltd,0022 Rodriguez Circles,Australia
496,Cruz Ltd,0022 Rodriguez Circles,Australia
122,West Miller,7499 Harold Road,The United States of America
278,Tucker  Jennings and Torres,61067 David Rest,Germany
880,Moore  Tran and Owens,284 Teresa Ports Apt. 913,United Kingdom
25,Turner Inc,776 Luis Streets Suite 374,United Kingdom
836,Ball Wright,310 Harris Ferry,Canada
889,Nelson  Taylor and Irwin,87144 Jennifer Trail Apt. 424,Canada
66,Walton Bell,2160 Travis Courts,France
132,Olson Williams,6949 Wyatt Station,United Kingdom
106,Andrews Melton,73284 Howe Points,Canada
725,May LLC,302 Lisa Prairie,United Kingdom
530,Salazar Dunn,83762 Charles Stravenue,United Kingdom
202,Mora Weaver,8441 Brock Pines Apt. 620,Canada
735,Vaughn Smith,61814 Yates Key Apt. 859,The United States of America
202,Jacobson Martinez,258 Patton Crest Apt. 063,Australia
616,Smith Sloan,7858 Douglas Run Apt. 348,France
710,Weber  Powers and Mann,355 James Tunnel,Canada
468,Foster Gray,08666 Carpenter Glens,India
25,Ortiz and Sons,722 Jessica Turnpike,France
237,Palmer and Sons,57075 Guerrero Viaduct Suite 338,Canada
581,Miller  Adams and Pierce,3362 Lori Rue,Japan
97,Stevens  Harvey and Padilla,784 Hicks Crossing Suite 957,Germany
566,Johnson Bryant,6678 Stephanie Gardens Apt. 082,Canada
81,Smith  Crawford and Becker,256 Miller Dale,Australia
917,Morrow  Johnson and Scott,8740 Mccarty Bridge,United Kingdom
229,Walton PLC,27805 Laura Square Suite 426,France
516,Wade  Case and Allen,49794 Kristina Springs,Germany
374,Patel  Brown and Wolf,1391 Morris Ferry,India
437,Smith Thomas,246 Brennan Port,Japan
549,Richard Villa,9780 Jose Shore,France
320,Pratt Mann,9489 Lawrence Run,Japan
213,Chavez Williams,9642 Claire Knoll Suite 818,United Kingdom
123,Peterson Douglas,3000 Daniel Parkway Suite 048,The United States of America
32,Johnson Olson,10604 Mitchell Loop,The United States of America
567,Hall Medina,971 Hannah Ranch,United Kingdom
682,Holland Hayes,19512 Williams Creek Apt. 746,India
305,Dennis Group,06993 Theresa Freeway,United Kingdom
584,Bowers Kim,61606 Shannon Pike,Germany
826,Green Powers,77915 Michael Stream Apt. 724,Australia
8,Parks  Shaw and Stephens,93179 Connor Ramp Apt. 488,France
409,Nelson Group,780 Thompson Park Suite 053,Canada
440,Black  Schmidt and Garcia,55273 Page Oval Suite 230,The United States of America
194,Larson  Curry and Evans,392 Stevenson Keys,The United States of America
826,Brown Daniel,33687 Clark Well Apt. 901,Australia
94,Hill  Miller and Greene,852 Savannah Rue Suite 012,France
773,Watts Reed,547 Joshua Street,India
436,Thomas Baker,2239 Howard Ranch Apt. 039,Australia
354,Graves  Wilkins and Keller,28449 Cynthia Radial Suite 873,Japan
70,Smith Ltd,7875 Patrick Gardens,Canada
930,Smith Ltd,7875 Patrick Gardens,Canada
707,Stanton  Williams and Stanton,9464 Mallory Mountain,Australia
773,Weaver LLC,8371 Walker Forges Apt. 955,Japan
244,Johnson  Gutierrez and Anderson,2870 Francis Bypass Apt. 018,Japan
781,Stafford  Green and Martinez,90986 Wolf Way Apt. 371,Canada
893,Mills Downs,4080 Ashley Isle,Japan
624,Davis Combs,8933 Jones Rue Suite 827,Germany
87,Owens  Stein and Murphy,0368 Leblanc Trail Suite 943,India
758,Martinez Garcia,7009 Harris Trace Apt. 615,The United States of America
169,Waters  Smith and Swanson,7763 Pena Vista Suite 984,United Kingdom
570,Aguirre Strong,552 Alexa Springs,United Kingdom
161,Rivas Group,10371 Angela Gateway Apt. 855,Australia
851,Green Noble,41029 Medina Burgs,India
971,Perez White,1316 Clark Harbor,India
904,Robles Group,103 Nicole Ranch,Australia
967,Hernandez  Snyder and Phillips,73629 Melissa Roads,India
715,Price Allen,729 Davis Mews,United Kingdom
415,Sanders  Lopez and Guzman,44431 Michele Summit,Japan
169,Rojas PLC,916 Laurie Port Apt. 335,The United States of America
911,Kennedy and Sons,1755 Melissa Lock Suite 910,France
371,Martin Dixon,9340 Hall Forges Apt. 395,The United States of America
874,Golden Price,42666 Buck Key Apt. 257,Japan
687,Fisher and Sons,018 Jack Street,Canada
908,Garcia LLC,303 Laura Place Apt. 788,France
70,Brown Dixon,9185 Tiffany Meadows Suite 657,Germany
409,Phillips Ltd,487 Brooke Bridge,Australia
237,Robinson Group,4471 Cook Avenue Suite 512,United Kingdom
92,Robinson Group,4471 Cook Avenue Suite 512,United Kingdom
127,Robinson Group,4471 Cook Avenue Suite 512,United Kingdom
373,Young  Smith and Porter,70624 Williamson Greens Apt. 277,India
306,Peters LLC,83421 Sarah Camp,France
338,Bennett PLC,4467 Saunders Ridge Apt. 369,India
581,Lee LLC,29392 Alicia Prairie Suite 329,Japan
496,Ayala  Elliott and Fields,2517 Coleman Plaza Suite 601,Canada
383,Winters  Wilson and Ruiz,05827 Brown Pines,India
697,Hodges  Rodriguez and Wilson,47474 Philip Parkways Apt. 111,Canada
834,Oliver Inc,458 Turner Burg,India
252,Miller  Miller and Johnson,477 Williams Underpass Suite 193,France
854,Jackson PLC,984 Larry Bypass Suite 069,Germany
592,Vargas  Gonzalez and Barnett,91570 Christopher Wells Apt. 632,Japan
773,Sanchez PLC,06355 Michelle Forest,France
328,Young and Sons,21259 Ashley Estates Suite 337,Australia
187,Martin Hamilton,5425 Villarreal Wells Apt. 771,United Kingdom
380,Hayes Hoffman,5394 Kelly Mountain,Germany
760,Walker  Parker and Giles,45229 Kristopher Locks,Germany
281,Alexander Palmer,4374 Deborah Causeway,The United States of America
927,Paul  Olsen and Brown,7998 Porter Field,Germany
318,Herring Group,77630 White Tunnel,India
125,Phillips  Porter and Rodriguez,6827 Patricia Island Apt. 898,United Kingdom
364,Mitchell Gonzalez,83616 Theodore Rue,Germany
729,Johnson Howell,15607 Butler Fall Suite 588,United Kingdom
209,Hernandez  Johnson and Peters,482 Wayne Glens,Germany
501,Brown Moore,512 Lowe Park Suite 031,Canada
727,Johnson Rogers,101 Jacqueline Manor,Japan
835,Turner Garner,6572 Smith Circles Suite 178,Canada
651,Young  Holder and Thomas,76503 Moore Terrace,France
712,Harris Swanson,06885 Moore Rapid,Germany
224,Wilson  Ray and Wiley,230 Michael Summit,Japan
140,Ferguson  Vazquez and Blevins,043 Johnson Radial Apt. 233,France
884,Alexander  Moore and Avery,95502 Henry Mill Suite 942,Canada
822,Norris  Harris and Wells,920 Breanna Flat Apt. 137,Canada
606,Watts Singh,58348 Brian Mills Apt. 780,Australia
764,Padilla and Sons,05994 Joshua Islands,United Kingdom
12,Bates  Perry and Pratt,8348 Turner Run Apt. 280,India
193,Gross  Wallace and Lowe,3929 Butler Village,India
594,Nguyen LLC,2227 Rhonda Rest Suite 456,Canada
718,Collins Erickson,6954 Omar Island,Germany
450,Thompson  Nelson and Murphy,94484 Franklin Village,United Kingdom
930,Hickman Inc,25485 Holder Keys Apt. 115,India
409,Austin LLC,92030 Anthony Junction Apt. 122,United Kingdom
672,Ramos Beltran,987 Jean Vista,Australia
462,Daniel LLC,946 Kim Park,France
439,Hogan Jenkins,020 Keith Inlet,Australia
900,Bradley and Sons,3672 Davis Manor Suite 001,Australia
957,Brown PLC,2654 Riley Cliffs Apt. 332,United Kingdom
158,Brown PLC,2654 Riley Cliffs Apt. 332,United Kingdom
624,Bailey Spence,0824 Erica Squares,Canada
876,Hill Cummings,5139 King River Apt. 913,France
479,Chan PLC,5176 Johnson Prairie,The United States of America
45,Jones and Sons,2168 Melissa Trafficway Suite 840,Canada
262,Jones and Sons,2168 Melissa Trafficway Suite 840,Canada
447,Jones and Sons,2168 Melissa Trafficway Suite 840,Canada
634,Fletcher  Burgess and Scott,64466 Daniel Motorway Apt. 074,Canada
664,Trujillo  Hoffman and Allison,918 Rebecca Roads Apt. 592,India
36,Arnold Cross,890 John Bridge,France
61,Miller LLC,6256 Isabel Court,United Kingdom
970,Murphy PLC,3857 Sue Via,Canada
6,Zamora  Gomez and Griffin,728 Kim Dam Suite 317,The United States of America
302,Burns Davenport,18080 Lisa Course Suite 199,France
200,Ramirez Ramirez,64962 Mcfarland Meadows Suite 077,United Kingdom
159,Horn Ltd,2580 Adrian Curve,Japan
731,Myers  Miller and Hudson,00540 Sean Prairie Suite 347,Germany
831,Williams Inc,5776 Perkins Shore Suite 113,France
657,Martin PLC,217 Danny Mountains Suite 653,Japan
469,Fowler Flores,7718 Aaron Lake,Australia
122,Myers Inc,14960 Giles Islands Apt. 202,United Kingdom
633,Myers Inc,14960 Giles Islands Apt. 202,United Kingdom
324,Hall Group,7113 Kenneth Freeway,India
642,Salinas Patton,4412 Anthony Loaf,Germany
332,Irwin and Sons,2299 Stephen Mountains,France
388,Greene Maldonado,98746 Shelton Run,Canada
106,Fuller  Torres and Bush,8503 Page Mountain Apt. 785,Australia
255,Miller Simpson,17836 Holder Ramp Suite 652,Canada
94,Reid  Kelly and Smith,69332 Wright Light,India
364,Mays Lam,844 James Plains Apt. 562,Germany
965,Vincent Gibson,646 Kelly Causeway Apt. 243,The United States of America
955,Schneider Inc,8507 Alicia Drives Apt. 293,Germany
758,Fitzgerald Baxter,985 Jackson Trail Apt. 093,France
517,King Irwin,3277 Hines Harbors,France
851,Morales Bates,3208 Mcfarland Canyon,Canada
16,Edwards Marks,800 Silva Square,Germany
326,Newman Daniels,861 Deborah Cape,Japan
975,Johnson Lindsey,6910 David Streets,Australia
865,Rose  Roy and Mclaughlin,7880 Oliver Turnpike Apt. 732,The United States of America
774,Moreno PLC,574 Cook Ferry,France
664,Rivera  Nolan and Molina,46337 Rachel Pike,France
757,Soto and Sons,9451 Luke Plaza,India
178,Smith Guerrero,19499 Johnson Isle Suite 982,Japan
687,Holland Ltd,070 Blackburn Overpass,India
287,Reed  Fleming and Hutchinson,9548 Porter Forks Suite 169,Australia
729,Brooks Woods,455 Hancock Tunnel Suite 281,Germany
373,Nichols  King and Villarreal,727 Erik Roads,Australia
692,Nelson Velez,600 Nunez Prairie Apt. 580,Australia
265,Weber Perez,339 Bradley Plaza,Germany
317,Medina and Sons,6310 Hensley Pines,India
182,Ray PLC,72075 Erin Junctions,India
878,Cuevas Reed,2286 Trevino Crescent,Japan
230,Brennan  Coffey and Rivera,28428 Richard Crossroad,Canada
418,Brennan Group,674 Caitlin Village,India
581,Washington Garcia,55281 Eduardo Rapids Suite 472,Australia
795,Hunter Barton,9414 David Mews,United Kingdom
68,Gonzalez and Sons,3620 Burton Spring Apt. 319,Japan
61,Gonzalez and Sons,3620 Burton Spring Apt. 319,Japan
140,Brown Gomez,4534 Vaughn Divide,France
577,Freeman and Sons,2130 Porter Overpass Apt. 749,India
954,Johns  Castillo and Scott,0846 Timothy Route,France
17,Baker Ayers,16168 Cunningham Summit,Canada
27,Bates Farmer,11296 Laura Causeway Suite 934,Canada
260,Thomas  Kim and Moreno,184 Green Summit,Australia
766,Hill  King and Hartman,59947 Jessica Port Suite 439,United Kingdom
412,Morrison Johnson,9795 Sanchez Centers,India
322,Garcia Sampson,4316 Vargas Groves Apt. 432,The United States of America
429,Friedman Parker,264 Sawyer Expressway,Australia
530,Abbott  Fleming and Cantu,8666 Katherine Mills,Germany
716,Landry Lindsey,404 Jeffrey Rest Apt. 625,The United States of America
880,Thomas Torres,083 Hendrix Mission,Australia
400,Johnson  Hansen and Pierce,302 Erica Inlet Suite 960,Germany
516,Ramirez LLC,866 Dunn Spur Apt. 556,Germany
337,Hurley Group,139 Tina Squares,Canada
598,Craig  Williams and Wade,46973 Wood Underpass,Australia
795,Martin Johnson,9116 Regina Fall Suite 078,Australia
394,Carey Inc,0771 Elizabeth Isle,The United States of America
154,Jackson  Jones and Russell,5125 Coleman Cape,The United States of America
16,Bennett  Martinez and Ward,60643 Arellano Light,Japan
379,Mitchell  Li and Lewis,610 Mathis Junctions Apt. 033,Australia
419,Johnston Chung,17462 Dawn Lights Suite 095,Australia
189,Nelson  Daniels and Lawson,355 Yang Place Suite 337,Japan
462,Guzman Acosta,37338 Frey Courts,Japan
383,Morales  Baker and Chavez,9248 Stuart Road Suite 812,France
434,Hill Jackson,08908 William Falls Apt. 519,Canada
368,Stanley  Singh and Odonnell,34664 Cody Lodge Apt. 167,United Kingdom
911,Mills Gilbert,84092 Daniel Garden,Germany
477,Perez Shah,23702 Charles Plaza Apt. 309,Australia
804,Gaines  Johnson and Castillo,3825 Miller Gardens,The United States of America
1,Stephens  Davenport and Romero,475 Barron Grove Apt. 599,France
53,Shepherd Alvarado,9678 Thompson Parkway,India
764,Lamb Marshall,15692 Jonathan Mission Suite 598,India
565,Wheeler Group,353 John Divide Apt. 670,France
202,Graves Mcdonald,400 Nichols Ports Apt. 585,Germany
810,Glover Foster,037 Garcia Curve,United Kingdom
564,Collins  Wilson and Frost,5902 Derek Lake Suite 702,The United States of America
437,Knight PLC,933 Brandon Inlet Suite 949,The United States of America
758,Knight PLC,933 Brandon Inlet Suite 949,The United States of America
189,Nguyen Group,41065 Sanchez Lake,Australia
104,Brown LLC,102 Wilson Trail Apt. 931,Japan
720,Brown LLC,102 Wilson Trail Apt. 931,Japan
795,Washington  Tate and Marks,7122 Karen Flat Apt. 563,India
914,Stokes  Goodwin and Mccullough,800 David Street,Canada
888,Fernandez Miller,92465 Richard Highway Apt. 255,Japan
648,Berry  Burgess and Silva,27014 Karen Stream,Australia
478,Weber Warren,6335 Cooper Alley Apt. 095,India
13,Miller Schroeder,29734 Jacob Garden,Japan
367,Zimmerman Payne,667 Ali Plaza,Australia
335,Perkins PLC,047 Benjamin Cove,United Kingdom
247,Reynolds and Sons,6972 Ross Expressway,United Kingdom
514,Bolton Taylor,7275 Aaron Ports Apt. 701,Japan
718,Lutz Carlson,127 Julia Freeway,United Kingdom
650,Ponce Burns,977 Sonya Roads,Germany
731,Tran English,10447 Susan Circles Suite 261,Japan
689,Douglas Stewart,97359 Daniel Brooks,India
754,Reeves  Oconnell and Davis,55398 Smith Parks Suite 253,France
751,Wolf Calderon,322 Martha Motorway,The United States of America
501,Flores  Benitez and Gray,803 Carlson Isle Suite 465,Japan
479,Skinner Johnson,0822 Maria Trafficway,Canada
483,Brown  Ingram and Hernandez,181 Sanchez Spur Suite 272,India
576,Roberts  Patton and Mooney,8411 Donald Tunnel,India
374,Barber  Hodges and Nolan,21315 Gutierrez Meadow Apt. 868,Canada
69,Hayes Wyatt,2616 Brooke Greens,United Kingdom
766,Smith and Sons,8118 Deborah Parkways Apt. 519,Germany
474,Smith and Sons,8118 Deborah Parkways Apt. 519,Germany
584,Smith and Sons,8118 Deborah Parkways Apt. 519,Germany
893,Bennett  Johnson and Aguilar,518 Bowers Courts Apt. 853,The United States of America
170,Morris  Taylor and Kelly,2380 Harris Heights Suite 563,India
371,Gomez  Ritter and Reyes,610 Jessica Rue Apt. 689,Germany
168,Henderson and Sons,12404 Teresa Tunnel Suite 355,France
210,Young Evans,099 Terrence Lodge Suite 569,The United States of America
679,Sanford West,2610 Brown Stravenue Suite 432,Japan
694,Howell Swanson,06657 Mendoza Knolls Apt. 291,United Kingdom
594,Hancock  Galvan and Gonzalez,17832 Mark Camp,The United States of America
576,Robles and Sons,8922 Sherman Park,Japan
517,Phillips Armstrong,66707 Tara Curve,Canada
965,Jones LLC,4378 Fitzgerald Inlet,India
119,Cline Watson,31484 Michael Corners Suite 665,Japan
712,Smith  Lopez and Ross,99555 Samuel Fall,France
43,Huffman Ltd,39719 Allison Cove,Japan
503,Jensen Hall,0836 Wong Plaza,Japan
798,Johnston  Williams and Newman,015 Cunningham Way,India
566,Foley  Adams and Hall,571 Guerrero Streets,Canada
472,Moran  Fernandez and Smith,272 Payne Spring,United Kingdom
234,Rhodes  Morrow and Munoz,55335 Michael Meadows,Australia
30,Rubio Cameron,24833 Adams Road Suite 681,The United States of America
785,Johnson  Scott and Hartman,446 Green Rue,Germany
576,Clark Chang,36359 Walker Springs Apt. 424,Canada
826,Matthews Group,1456 Rebecca Locks,Japan
120,Smith Harmon,63095 Monica Village Apt. 594,India
305,Garcia Lee,49049 Harris Run Suite 067,Australia
766,Perez Ltd,991 Jennifer Turnpike Apt. 746,Germany
785,Hall Robinson,97852 Lawrence Road Apt. 763,Australia
743,Marshall Martinez,5381 Jones Place,The United States of America
481,Wade  Murphy and Crane,591 John Place,Japan
213,Thompson Patterson,79889 Saunders Crossroad Suite 748,Japan
771,Hughes PLC,83283 Danielle Drive,United Kingdom
290,Cobb  Reyes and Hammond,11611 Amanda Mountain Suite 320,Germany
672,Anderson  Santiago and Ochoa,3660 Irwin Groves,Germany
140,Campbell  Young and Ward,7998 Fitzgerald Parks Apt. 079,Canada
669,Mueller  Smith and Garcia,15942 Sheryl Island,The United States of America
304,Zhang LLC,10030 Wells Flats Apt. 829,The United States of America
723,Reed Matthews,471 White Point Apt. 702,Australia
879,Hobbs Ltd,55401 Obrien Landing,Japan
24,Mata LLC,17227 Wall Heights,The United States of America
378,Scott Inc,89732 Kelly Cliffs Apt. 254,Germany
927,Stewart  Weaver and Williams,977 Lori Wall,United Kingdom
